key,label,low,base,high,unit,source,url
ad_elasticity_short,Short-run advertising elasticity,0.09,0.12,0.24,elasticity,"Sethuraman, Tellis and Briesch, Journal of Marketing Research 2011 (751 short-run and 402 long-run estimates from 56 studies); 0.09 from a later international meta-analysis",https://journals.sagepub.com/doi/10.1509/jmkr.48.3.457
bass_p,Bass coefficient of innovation p,0.03,0.03,0.10,rate,"Sultan, Farley and Lehmann, JMR 1990, meta-analysis of 213 parameter sets; 0.10 reflects heavy advertising in the generalized Bass model",https://proceedings.systemdynamics.org/2015/papers/P1233.pdf
bass_q,Bass coefficient of imitation q,0.30,0.38,0.45,rate,"Sultan, Farley and Lehmann, JMR 1990",https://proceedings.systemdynamics.org/2015/papers/P1233.pdf
campaign_awareness,Campaign awareness in the new ring,0.15,0.25,0.35,share,"State tourism ROI studies at higher per-capita spend: Washington 36% (SMARI FY2024), New Mexico 44% (Longwoods 2015), North Dakota 47%",https://industry.stateofwatourism.com/wp-content/uploads/SMARI-2024-for-web.pdf
aware_conversion,Incremental visit rate among aware residents,0.013,0.017,0.025,share,"Washington: 77,000 incremental trips from 2.4M aware households (3.2% per household, ~1.3% per resident); Wyoming: likelihood to visit 7% unaware to 14% aware (Longwoods 2019)",https://www.wyoleg.gov/InterimCommittee/2019/02-20191209066-169-WTB2019AdvertisingEffectivenessROI.pdf
outer_share_of_visits,Share of 2025 visits from the neighboring ring,0.15,0.25,0.35,share,"Verified visitor-origin surveys: Bolton Food and Drink Festival 72% local postcode; Big Sur Food and Wine 70% Monterey County; promoter claims of 60-80% out-of-region are rarely verified (Stratford Analytics)",https://www.bolton.gov.uk/downloads/file/6971/visitor-report-survey-findings---bolton-food-and-drink-festival-2024
huff_exponent,Huff distance-decay exponent,1.0,1.5,2.0,exponent,"Esri Huff model documentation: usually ranges between 1.5 and 2",https://desktop.arcgis.com/en/arcmap/latest/tools/business-analyst-toolbox/how-original-huff-model-works.htm
anniversary_lift,Milestone anniversary lift net of marketing and concert,0.01,0.035,0.07,share,"Disneyland 2014-2016 attendance 16.769M / 18.278M / 17.943M (TEA/AECOM); Disneyland 50th +8.5% vs top-50 parks +4.2% (Amusement Business/ERA 2005); Musikfest 40th 1.33M vs prior record 1.24M (Morning Call 2023); Indy 500 100th running sellout (2016)",https://queue-times.com/parks/16/attendances
saturday_share,Saturday share of a weekend,0.52,0.55,0.58,share,"Minnesota State Fair first-weekend Saturday vs Sunday: 198,842 vs 171,054 (2022); 198,863 vs 184,176 (2023); 184,564 vs 134,644 (2024)",https://www.mnstatefair.org/about/attendance
weather_multiplier,Season weather multiplier,0.90,1.00,1.02,multiplier,"Minnesota State Fair 2024: one rain day at 81,231 against a normal day near 135,000 (about 40% loss); one washed-out day of eight is 5% of the season",https://www.yahoo.com/news/articles/minnesota-state-fair-attendance-continues-001045059.html
listener_conversion_paid,Paid ticket conversion of metro monthly listeners,0.01,0.02,0.03,share,"insights.live: roughly 1% to 3% of an artist's monthly listeners in a metro convert to ticket buyers; Orphiq: 2% working estimate for tour routing",https://insights.live/blog/event-demand-data-you-need-to-forecast-concerts/
listener_conversion_free,Conversion when the show is free with admission,0.04,0.10,0.18,share,"Team assumption: five times the paid working estimate because the marginal price of the show is zero",https://orphiq.com/resources/spotify-analytics-tour-routing
apple_to_spotify_ratio,Apple Music listeners as a ratio of Spotify monthly listeners,0.25,0.35,0.45,ratio,"Spotify ~37% and Apple Music ~31% of US subscribers (Digital Music News Aug 2025; DemandSage), but Spotify listener counts include free users (751M MAU vs 290M paid, Q4 2025)",https://www.digitalmusicnews.com/2025/08/21/music-streaming-market-share-data-august-2025/
free_event_no_show,No-show rate at free events,0.40,0.50,0.60,share,"VenueSight via eventcloud: free events routinely lose 40 to 60% of registrants; Eventbrite: as high as 50%",https://www.eventcloud.io/blog/how-to-cut-event-no-shows
regular_share,Share of fairgoers who attend every year,0.75,0.80,0.85,share,"New York State Fair 2015 exit survey: four out of five are regular patrons; 30% attend multiple times",https://apps.agriculture.ny.gov/rfps/RFP0131/2015_State_Fair_Survey.pdf
consumer_sentiment,University of Michigan consumer sentiment (Sept 2026 vs Sept 2025),55.1,48.1,48.1,index,"UMich Surveys of Consumers, September 2026 final 48.1; September 2025 55.1; one-year inflation expectations 4.6%",https://tradingeconomics.com/united-states/consumer-confidence
gas_price,National average regular gasoline (Sept 24-25 2026),3.60,4.49,4.49,USD per gallon,"AAA national average $4.49 on Sept 24-25 2026, highest ever for this time of year; about 25% above a year ago (Empower/AAA Sept 3 2026)",https://newsroom.aaa.com/2026/09/national-average-climbs-nearly-5-cents-since-last-week/
gasoline_demand_elasticity,Short-run price elasticity of gasoline demand,-0.077,-0.05,-0.034,elasticity,"Hughes, Knittel and Sperling, Energy Journal 2008 (NBER w12530): -0.034 to -0.077 for 2001-2006, versus -0.21 to -0.34 in 1975-1980",https://www.nber.org/papers/w12530
trip_fuel_elasticity,Elasticity of discretionary day trips to fuel cost,-0.30,-0.20,-0.10,elasticity,"Team assumption: discretionary leisure trips are more elastic than total gasoline demand; bracketed above the Hughes-Knittel-Sperling range",https://www.nber.org/papers/w12530
staycation_lift,Local attendance lift from staycation substitution in a weak economy,0.00,0.01,0.03,share,"2009 recession: fairs reported booming business as families passed up out-of-town trips; Salem Fair ticket and food sales +25% (NBC News Aug 2009); Minnesota State Fair set its then all-time record in 2009 (CBS Minnesota 2014)",https://www.nbcnews.com/id/wbna32285243
macro_percap,Real per-guest spend change from trade-down,-0.06,-0.04,-0.01,share,"Minnesota State Fair 2025: attendance up even as fairgoers say they visit less often and spend less due to rising prices (Star Tribune Sept 1 2025); retail sales still +6.0% y/y nominal in Aug 2026",https://www.startribune.com/minnesota-state-fair-attendance-2025/601464992
macro_attendance,Net macro multiplier on attendance,-0.02,-0.004,0.015,share,"Derived in macro.py: staycation lift on the local ring, fuel-cost drag on the outer ring, small sentiment drag",https://www.nber.org/papers/w12530
